9,74,For
10,75,For
11,75,TryCatch
14,77,For
15,77,TryCatch
16,78,For
17,78,While
18,79,For
19,80,For
20,80,IfElse
21,81,TryCatch
22,82,TryCatch
23,84,For
24,87,For
25,88,For
26,89,For
27,90,For
28,90,If
29,92,For
30,93,For
31,93,If
32,94,For
33,95,For
34,95,While
35,95,IfElse
36,95,TryCatch
37,96,For
38,96,TryCatch
39,97,For
40,97,TryCatch
41,98,For
42,98,If
43,99,For
44,99,If
45,100,TryCatch
46,101,For
47,102,For
48,103,For
49,104,For
50,105,For
51,106,For
52,107,For
53,108,For
54,110,For
55,111,For
56,113,If
57,113,TryCatch
58,114,If
59,114,TryCatch
60,115,If
61,115,TryCatch
62,116,If
63,116,TryCatch
64,117,If
65,117,TryCatch
66,123,TryCatch
67,124,TryCatch
68,125,TryCatch
70,141,For
71,141,TryCatch
72,142,For
73,142,TryCatch
74,142,IfElse
75,143,For
76,143,If
77,143,TryCatch
78,144,If
79,144,TryCatch
80,144,IfElse
81,145,If
82,145,TryCatch
83,145,IfElse
84,146,For
85,146,IfElse
86,146,TryCatch
87,147,For
88,147,TryCatch
89,147,IfElse
90,148,For
91,148,If
92,148,TryCatch
93,152,For
94,152,IfElse
95,152,TryCatch
96,153,For
97,153,TryCatch
98,153,IfElse
99,154,IfElse
100,154,TryCatch
101,155,For
102,155,TryCatch
103,155,If
104,156,For
105,156,While
106,157,If
107,158,If
108,159,If
109,167,TryCatch
110,168,TryCatch
111,173,TryCatch
112,180,TryCatch
113,181,TryCatch
114,182,TryCatch
115,183,TryCatch
116,184,TryCatch
117,186,TryCatch
118,189,For
119,189,If
120,190,For
121,190,If
122,191,For
123,191,If
124,192,For
125,192,If
126,202,For
127,202,IfElse
128,202,TryCatch
129,203,For
130,203,If
131,210,For
132,212,For
133,212,TryCatch
