1,21,For
4,106,For
5,108,TryCatch
6,109,For
7,109,IfElse
8,110,For
9,110,IfElse
10,139,TryCatch
11,140,TryCatch
12,141,TryCatch
13,148,For
14,149,If
15,151,For
16,151,If
17,151,IfElse
18,152,If
19,152,IfElse
20,152,TryCatch
21,221,For
22,221,If
23,222,For
24,222,If
25,232,For
26,232,If
27,233,For
28,233,If
29,234,For
30,234,If
31,235,For
32,235,If
33,236,For
34,236,If
35,237,For
36,237,If
37,238,For
38,238,If
39,239,For
40,239,If
41,240,For
42,240,If
43,240,For
44,240,If
45,242,For
46,242,If
47,243,For
48,243,If
49,244,For
50,244,If
51,245,For
52,245,If
53,246,For
54,246,If
55,247,For
56,247,If
57,248,For
58,248,If
59,249,For
60,250,For
61,253,For
62,261,For
63,261,If
64,262,For
65,262,If
66,263,For
67,263,If
68,264,For
