1,1,Test,HuntTheWumpus_SHS/HuntTheWumpus.Tests/Test.cs 
8,9,AppTest,poc-rmi/src/test/java/pl/inpar/poc/rmi/AppTest.java
10,9,TestRequest,poc-rmi/src/test/java/pl/inpar/poc/rmi/socketrmi/TestRequest.java
12,13,EnumConverterTest,bazel/src/test/java/com/google/devtools/common/options/EnumConverterTest.java
16,13,AssignmentConverterTest,bazel/src/test/java/com/google/devtools/common/options/AssignmentConverterTest.java
22,13,BoolOrEnumConverterTest,bazel/src/test/java/com/google/devtools/common/options/BoolOrEnumConverterTest.java
27,13,CommaSeparatedOptionListConverterTest,bazel/src/test/java/com/google/devtools/common/options/CommaSeparatedOptionListConverterTest.java
35,13,DurationConverterTest,bazel/src/test/java/com/google/devtools/common/options/DurationConverterTest.java
38,13,GenericTypeHelperTest,bazel/src/test/java/com/google/devtools/common/options/GenericTypeHelperTest.java
41,13,InvocationPolicyAllowValuesTest,bazel/src/test/java/com/google/devtools/common/options/InvocationPolicyAllowValuesTest.java
55,13,InvocationPolicyBreakingConditionsTest,bazel/src/test/java/com/google/devtools/common/options/InvocationPolicyBreakingConditionsTest.java
58,13,InvocationPolicyDisallowValuesTest,bazel/src/test/java/com/google/devtools/common/options/InvocationPolicyDisallowValuesTest.java
69,13,InvocationPolicyMiscTest,bazel/src/test/java/com/google/devtools/common/options/InvocationPolicyMiscTest.java
74,75,ContextBuilderTest,jclouds/core/src/test/java/org/jclouds/ContextBuilderTest.java
90,75,JcloudsVersionTest,jclouds/core/src/test/java/org/jclouds/JcloudsVersionTest.java
111,75,BaseApiMetadataTest,jclouds/core/src/test/java/org/jclouds/apis/internal/BaseApiMetadataTest.java
114,75,ApisTest,jclouds/core/src/test/java/org/jclouds/apis/ApisTest.java
117,75,Arg0ToPagedIterableTest,jclouds/core/src/test/java/org/jclouds/collect/internal/Arg0ToPagedIterableTest.java
122,75,ArgsToPagedIterableTest,jclouds/core/src/test/java/org/jclouds/collect/internal/ArgsToPagedIterableTest.java
127,75,AdvanceUntilEmptyIterableTest,jclouds/core/src/test/java/org/jclouds/collect/AdvanceUntilEmptyIterableTest.java
130,75,IterableWithMarkersTest,jclouds/core/src/test/java/org/jclouds/collect/IterableWithMarkersTest.java
132,75,PagedIterablesTest,jclouds/core/src/test/java/org/jclouds/collect/PagedIterablesTest.java
134,135,TestCatalogFamilyFormat,hbase/hbase-client/src/test/java/org/apache/hadoop/hbase/TestCatalogFamilyFormat.java
137,135,TestRegionLocations,hbase/hbase-client/src/test/java/org/apache/hadoop/hbase/TestRegionLocations.java
145,75,ExecutorServiceModuleTest,jclouds/core/src/test/java/org/jclouds/concurrent/config/ExecutorServiceModuleTest.java
147,75,ScheduledExecutorServiceModuleTest,jclouds/core/src/test/java/org/jclouds/concurrent/config/ScheduledExecutorServiceModuleTest.java
150,135,TestPutDotHas,hbase/hbase-client/src/test/java/org/apache/hadoop/hbase/client/TestPutDotHas.java
154,135,TestClientExceptionsUtil,hbase/hbase-client/src/test/java/org/apache/hadoop/hbase/exceptions/TestClientExceptionsUtil.java
155,135,TestLongComparator,hbase/hbase-client/src/test/java/org/apache/hadoop/hbase/filter/TestLongComparator.java
156,135,TestKeyOnlyFilter,hbase/hbase-client/src/test/java/org/apache/hadoop/hbase/filter/TestKeyOnlyFilter.java
157,135,TestComparators,hbase/hbase-client/src/test/java/org/apache/hadoop/hbase/filter/TestComparators.java
158,135,TestIPCUtil,hbase/hbase-client/src/test/java/org/apache/hadoop/hbase/ipc/TestIPCUtil.java
160,135,TestSaslUtil,hbase/hbase-client/src/test/java/org/apache/hadoop/hbase/security/TestSaslUtil.java
161,135,TestSpaceLimitSettings,hbase/hbase-client/src/test/java/org/apache/hadoop/hbase/quotas/TestSpaceLimitSettings.java
170,171,CompositeFileProviderTests,FileSystem/test/FS.Composite.Tests/CompositeFileProviderTests.cs
181,171,GenerateEmbeddedResourcesManifestTest,FileSystem/test/FS.Embedded.Manifest.Task.Test/GenerateEmbeddedResourcesManifestTest.cs
191,171,EmbeddedFileProviderTests,FileSystem/test/FS.Embedded.Tests/EmbeddedFileProviderTests.cs
201,171,ManifestParserTests,FileSystem/test/FS.Embedded.Tests/Manifest/ManifestParserTests.cs 
206,171,ManifestEntryTests,FileSystem/test/FS.Embedded.Tests/Manifest/ManifestEntryTests.cs
213,171,FileAbstractionsTests,FileSystem/test/FS.Globbing.Tests/FileAbstractionsTests.cs
218,171,PollingWildCardChangeTokenTest,FileSystem/test/FS.Physical.Tests/PollingWildCardChangeTokenTest.cs 
224,225,Given_a_valid_edmx_when_passed_to_the_ODataReader,Vipr/test/ODataReader.v4UnitTests/Given_a_valid_edmx_when_passed_to_the_ODataReader.cs
227,225,Given_enum_types_in_a_valid_edmx_when_passed_to_the_ODataReader,Vipr/test/ODataReader.v4UnitTests/Given_enum_types_in_a_valid_edmx_when_passed_to_the_ODataReader.cs
231,225,Given_complex_types_in_a_valid_edmx_when_passed_to_the_ODataReader,Vipr/test/ODataReader.v4UnitTests/Given_complex_types_in_a_valid_edmx_when_passed_to_the_ODataReader.cs
235,238,SoundEffectInstanceTest,MonoGame/Tests/Framework/Audio/SoundEffectInstanceTest.cs
236,238,SpriteBatchTest,MonoGame/Tests/Framework/Graphics/SpriteBatchTest.cs
256,238,KeyboardTest,MonoGame/Tests/Framework/Input/KeyboardTest.cs
260,238,CurveTest,MonoGame/Tests/Framework/CurveTest.cs
268,238,MiscellaneousTests,MonoGame/Tests/Framework/Visual/MiscellaneousTests.cs
271,238,SoundEffectInstanceXAudioTest,MonoGame/Tests/Framework/WindowsDX/Audio/SoundEffectInstanceXAudioTest.cs
