91,90,KeycloakDeploymentBuilderTest,keycloak/adapters/oidc/adapter-core/src/test/java/org/keycloak/adapters/KeycloakDeploymentBuilderTest.java 
107,90,RefreshableKeycloakSecurityContextTest,keycloak/adapters/oidc/adapter-core/src/test/java/org/keycloak/adapters/RefreshableKeycloakSecurityContextTest.java
101,90,KeycloakDeploymentTest,keycloak/adapters/oidc/adapter-core/src/test/java/org/keycloak/adapters/KeycloakDeploymentTest.java
113,90,JBossWebPrincipalFactoryTest,keycloak/adapters/oidc/as7-eap6/as7-adapter-spi/src/test/java/org/keycloak/adapters/jbossweb/JBossWebPrincipalFactoryTest.java
115,90,HierarchicalPathBasedKeycloakConfigResolverTest,keycloak/adapters/oidc/osgi-adapter/src/test/java/org/keycloak/adapters/osgi/HierarchicalPathBasedKeycloakConfigResolverTest.java
117,90,PathBasedKeycloakConfigResolverTest,keycloak/adapters/oidc/osgi-adapter/src/test/java/org/keycloak/adapters/osgi/PathBasedKeycloakConfigResolverTest.java
119,90,HttpHeaderInspectingApiRequestMatcherTest,keycloak/adapters/oidc/spring-security/src/test/java/org/keycloak/adapters/springsecurity/authentication/HttpHeaderInspectingApiRequestMatcherTest.java
123,90,KeycloakAuthenticationEntryPointTest,keycloak/adapters/oidc/spring-security/src/test/java/org/keycloak/adapters/springsecurity/authentication/KeycloakAuthenticationEntryPointTest.java
135,90,KeycloakAuthenticationProviderTest,keycloak/adapters/oidc/spring-security/src/test/java/org/keycloak/adapters/springsecurity/authentication/KeycloakAuthenticationProviderTest.java
143,90,KeycloakLogoutHandlerTest,keycloak/adapters/oidc/spring-security/src/test/java/org/keycloak/adapters/springsecurity/authentication/KeycloakLogoutHandlerTest.java
147,90,SpringSecurityRequestAuthenticatorTest,keycloak/adapters/oidc/spring-security/src/test/java/org/keycloak/adapters/springsecurity/authentication/SpringSecurityRequestAuthenticatorTest.java
165,90,SimpleHttpFacadeTest,keycloak/adapters/oidc/spring-security/src/test/java/org/keycloak/adapters/springsecurity/facade/SimpleHttpFacadeTest.java
167,90,WrappedHttpServletRequestTest,keycloak/adapters/oidc/spring-security/src/test/java/org/keycloak/adapters/springsecurity/facade/WrappedHttpServletRequestTest.java
187,90,WrappedHttpServletResponseTest,keycloak/adapters/oidc/spring-security/src/test/java/org/keycloak/adapters/springsecurity/facade/WrappedHttpServletResponseTest.java
203,202,DBCPTest,druid/src/test/java/com/alibaba/druid/DBCPTest.java
205,202,DragoonMetaInfTest,druid/src/test/java/com/alibaba/druid/DragoonMetaInfTest.java
207,202,LockTest,druid/src/test/java/com/alibaba/druid/LockTest.java
209,202,TestHistogram,druid/src/test/java/com/alibaba/druid/TestHistogram.java
211,202,TestIdel3,druid/src/test/java/com/alibaba/druid/TestIdel3.java
215,202,TestLRU,druid/src/test/java/com/alibaba/druid/TestLRU.java
217,202,TestLockCount,druid/src/test/java/com/alibaba/druid/TestLockCount.java
219,202,TestOracle,druid/src/test/java/com/alibaba/druid/TestOracle.java
221,202,TestOraclePing,druid/src/test/java/com/alibaba/druid/TestOraclePing.java
223,202,TestReplaceLicense,druid/src/test/java/com/alibaba/druid/TestReplaceLicense.java
225,202,TestRollBack,druid/src/test/java/com/alibaba/druid/TestRollBack.java
229,202,TestSqlServer,druid/src/test/java/com/alibaba/druid/TestSqlServer.java
231,202,TestTraceFilter,druid/src/test/java/com/alibaba/druid/TestTraceFilter.java
233,232,AbstractLoadBalanceTest,dubbo/dubbo-cluster/src/test/java/org/apache/dubbo/rpc/cluster/loadbalance/AbstractLoadBalanceTest.java
237,232,ConsistentHashLoadBalanceTest,dubbo/dubbo-cluster/src/test/java/org/apache/dubbo/rpc/cluster/loadbalance/ConsistentHashLoadBalanceTest.java
241,232,LeastActiveBalanceTest,dubbo/dubbo-cluster/src/test/java/org/apache/dubbo/rpc/cluster/loadbalance/LeastActiveBalanceTest.java
245,232,LoadBalanceBaseTest,dubbo/dubbo-cluster/src/test/java/org/apache/dubbo/rpc/cluster/loadbalance/LoadBalanceBaseTest.java
247,232,RandomLoadBalanceTest,dubbo/dubbo-cluster/src/test/java/org/apache/dubbo/rpc/cluster/loadbalance/RandomLoadBalanceTest.java
251,232,RoundRobinLoadBalanceTest,dubbo/dubbo-cluster/src/test/java/org/apache/dubbo/rpc/cluster/loadbalance/RoundRobinLoadBalanceTest.java
259,232,ShortestResponseLoadBalanceTest,dubbo/dubbo-cluster/src/test/java/org/apache/dubbo/rpc/cluster/loadbalance/ShortestResponseLoadBalanceTest.java
263,232,ResultMergerTest,dubbo/dubbo-cluster/src/test/java/org/apache/dubbo/rpc/cluster/merger/ResultMergerTest.java
291,232,ConfigConditionRouterTest,dubbo/dubbo-cluster/src/test/java/org/apache/dubbo/rpc/cluster/router/ConfigConditionRouterTest.java
299,232,TagRouterTest,dubbo/dubbo-cluster/src/test/java/org/apache/dubbo/rpc/cluster/router/TagRouterTest.java
303,232,MeshAppRuleListenerTest,dubbo/dubbo-cluster/src/test/java/org/apache/dubbo/rpc/cluster/router/mesh/route/MeshAppRuleListenerTest.java
311,232,MeshRuleManagerTest,dubbo/dubbo-cluster/src/test/java/org/apache/dubbo/rpc/cluster/router/mesh/route/MeshRuleManagerTest.java
317,232,MeshRuleRouterFactoryTest,dubbo/dubbo-cluster/src/test/java/org/apache/dubbo/rpc/cluster/router/mesh/route/MeshRuleRouterFactoryTest.java
319,232,MeshRuleRouterTest,dubbo/dubbo-cluster/src/test/java/org/apache/dubbo/rpc/cluster/router/mesh/route/MeshRuleRouterTest.java
337,336,SmokeTest,pulsar/tests/bc_2_0_0/src/test/java/org/apache/pulsar/tests/integration/SmokeTest.java
339,336,SmokeTest,pulsar/tests/bc_2_0_1/src/test/java/org/apache/pulsar/tests/integration/SmokeTest.java
341,336,SmokeTest,pulsar/tests/bc_2_6_0/src/test/java/org/apache/pulsar/tests/integration/SmokeTest.java
343,336,SmokeTest,pulsar/tests/pulsar-client-admin-shade-test/src/test/java/org/apache/pulsar/tests/integration/SmokeTest.java
347,336,SimpleProducerConsumerTest,pulsar/tests/pulsar-client-admin-shade-test/src/test/java/org/apache/pulsar/tests/integration/SimpleProducerConsumerTest.java
355,336,SimpleProducerConsumerTest,pulsar/tests/pulsar-client-all-shade-test/src/test/java/org/apache/pulsar/tests/integration/SimpleProducerConsumerTest.java
363,336,SmokeTest,pulsar/tests/pulsar-client-all-shade-test/src/test/java/org/apache/pulsar/tests/integration/SmokeTest.java 
367,336,SmokeTest,pulsar/tests/pulsar-client-shade-test/src/test/java/org/apache/pulsar/tests/integration/SmokeTest.java
369,336,SimpleProductConsumerTest,pulsar/tests/pulsar-client-shade-test/src/test/java/org/apache/pulsar/tests/integration/SimpleProducerConsumerTest.java
377,336,SimpleBookKeeperTest,pulsar/managed-ledger/src/test/java/org/apache/bookkeeper/mledger/SimpleBookKeeperTest.java
379,336,DefaultRetriesTest,pulsar/buildtools/src/test/java/org/apache/pulsar/tests/DefaultTestRetriesTest.java
385,336,AnnotationListenerTest,pulsar/buildtools/src/test/java/org/apache/pulsar/tests/AnnotationListenerTest.java
387,336,EnumValuesDataProviderTest,pulsar/buildtools/src/test/java/org/apache/pulsar/tests/EnumValuesDataProviderTest.java
397,336,FastThreadLocalStateCleanerTest,pulsar/buildtools/src/test/java/org/apache/pulsar/tests/FastThreadLocalStateCleanerTest.java 
403,402,ByteArrayUploadDataProviderTest,ExoPlayer/extensions/cronet/src/test/java/com/google/android/exoplayer2/ext/cronet/ByteArrayUploadDataProviderTest.java
411,402,CronetDataSourceTest,ExoPlayer/extensions/cronet/src/test/java/com/google/android/exoplayer2/ext/cronet/CronetDataSourceTest.java
439,402,DefaultRenderersFactoryTest,ExoPlayer/extensions/flac/src/test/java/com/google/android/exoplayer2/ext/flac/DefaultRenderersFactoryTest.java
441,402,FlacExtractorSeekTest,ExoPlayer/extensions/flac/src/androidTest/java/com/google/android/exoplayer2/ext/flac/FlacExtractorSeekTest.java
465,402,FlacPlaybackTest,ExoPlayer/extensions/flac/src/androidTest/java/com/google/android/exoplayer2/ext/flac/FlacPlaybackTest.java
471,470,ImportExportJsonHelperTest,NewPipe/app/src/test/java/org/schabi/newpipe/local/subscription/services/ImportExportJsonHelperTest.java
477,470,PlayQueueTest,NewPipe/app/src/test/java/org/schabi/newpipe/player/playqueue/PlayQueueTest.java
489,470,TabTest,NewPipe/app/src/test/java/org/schabi/newpipe/settings/tabs/TabTest.java
491,470,TabsJsonHelperTest,NewPipe/app/src/test/java/org/schabi/newpipe/settings/tabs/TabsJsonHelperTest.java
501,470,FilePathHelperTest,NewPipe/app/src/test/java/org/schabi/newpipe/util/FilePathHelperTest.java
